timestamp,dur,proto,sbytes,dbytes,state,service,attack_cat
0,5e-06,73,200,0,1,0,DoS
1,5e-06,29,200,0,1,0,DoS
2,0.0,2,46,0,1,0,Normal
3,0.33557,0,862,268,0,4,DoS
4,0.023538,0,2934,3742,0,1,Normal
5,9e-06,29,200,0,1,0,DoS
6,0.030282,0,4238,63516,0,0,Normal
7,1.129132,0,1002,802,0,0,DoS
8,0.229561,0,946,1024,0,4,DoS
9,9e-06,3,200,0,1,0,DoS
10,0.037132,1,536,304,2,0,Normal
11,0.00182,1,528,304,2,0,Normal
12,0.209171,0,656,268,0,0,DoS
13,0.550804,0,1540,1644,0,0,Normal
14,0.126525,0,2958,33044,0,0,Normal
15,0.033263,0,3936,2560,0,0,Normal
16,1.088124,0,1580,10168,0,4,Normal
17,0.587896,0,514,268,0,0,Normal
18,2e-06,79,200,0,1,0,DoS
19,1.417744,0,920,2188,0,4,DoS
20,4e-06,29,200,0,1,0,DoS
21,1.2e-05,1,1152,0,1,10,DoS
22,8e-06,54,200,0,1,0,DoS
23,9e-06,1,78,0,1,0,DoS
24,0.062981,0,5174,83812,0,0,Normal
25,9.859676,0,540,0,4,0,Normal
26,0.015949,0,2958,33044,0,0,Normal
27,13.753861,3,1280,0,1,0,DoS
28,9e-06,29,200,0,1,0,DoS
29,5e-06,89,200,0,1,0,DoS
30,1.005945,0,1684,10168,0,4,Normal
31,0.037088,1,528,304,2,0,Normal
32,0.22268,0,574,268,0,4,DoS
33,1.195992,0,1684,10168,0,4,Normal
34,0.001704,1,544,304,2,0,Normal
35,11.666516,0,360,0,4,0,Normal
36,6e-06,29,200,0,1,0,DoS
37,50.004375,3,384,0,4,0,Normal
38,1.297513,0,2782,354,0,4,DoS
39,19.888327,3,900,0,1,0,DoS
40,6.718137,0,15740,645754,0,0,Normal
41,0.00179,1,520,304,2,0,Normal
42,0.868966,0,1744,185922,0,4,Normal
43,0.164306,0,5174,83812,0,0,Normal
44,4.7e-05,105,60,0,1,0,DoS
45,2e-06,36,180,0,1,0,DoS
46,9e-06,70,200,0,1,0,DoS
47,9e-06,29,200,0,1,0,DoS
48,1.411604,0,1028,4778,0,0,DoS
49,1e-06,92,200,0,1,0,DoS
50,0.030265,0,37268,3380,0,2,Normal
51,0.048777,0,3926,57474,0,0,Normal
52,2.625117,0,804,1166,0,4,DoS
53,0.069164,1,520,304,2,0,Normal
54,1.1e-05,1,1490,0,1,0,Normal
55,0.001099,1,146,178,2,6,Normal
56,48.784843,0,9654877,48426,0,2,DoS
57,1.132654,0,68023,612,0,0,Normal
58,0.025639,0,3614,50036,0,0,Normal
59,0.000959,1,132,164,2,6,Normal
60,9e-06,96,200,0,1,0,DoS
61,9e-06,95,200,0,1,0,DoS
62,9e-06,29,200,0,1,0,DoS
63,0.001131,1,146,178,2,6,Normal
64,0.223363,0,424,8824,0,5,Normal
65,16.170187,3,4352,0,4,0,DoS
66,0.046435,0,320,1946,0,5,Normal
67,3.301513,0,3404,2332,0,0,DoS
68,0.184965,0,1470,1728,0,0,Normal
69,9e-06,1,78,0,1,0,Normal
70,9e-06,29,200,0,1,0,DoS
71,0.001083,1,146,178,2,6,Normal
72,9e-06,101,180,0,1,0,DoS
73,0.003403,1,130,162,2,6,Normal
74,0.007968,0,3728,5578,0,7,Normal
75,0.029885,0,4238,63516,0,0,Normal
76,1.41715,0,954,354,0,0,Normal
77,0.016623,1,120,242,2,6,DoS
78,7e-06,29,200,0,1,0,DoS
79,0.488204,0,716,554,0,0,DoS
80,5e-06,84,200,0,1,0,DoS
81,0.889054,0,596,268,0,0,Normal
82,0.005932,0,1920,4312,0,0,Normal
83,4e-06,1,1064,0,1,0,Normal
84,7.181731,0,2466,271874,0,0,DoS
85,3e-06,34,180,0,1,0,DoS
86,0.347385,0,1120,694,0,0,DoS
87,0.023574,1,544,304,2,0,Normal
88,0.0,2,46,0,1,0,Normal
89,0.036195,1,520,304,2,0,Normal
90,4e-06,29,200,0,1,0,DoS
91,0.922621,0,65640,1966,0,2,DoS
92,0.094609,0,4862,75600,0,0,Normal
93,0.234028,0,4222,64070,0,0,Normal
94,1e-05,12,200,0,1,0,DoS
95,6e-06,29,200,0,1,0,DoS
96,9e-06,114,200,0,1,0,DoS
97,1.5e-05,110,200,0,1,0,DoS
98,1.170247,0,2616,682,0,1,Normal
99,9e-06,110,200,0,1,0,DoS
100,1.194719,0,6830,268,0,0,Normal
101,4e-06,112,200,0,1,0,DoS
102,1.083437,0,978,86,2,0,Normal
103,0.005684,1,568,304,2,0,Normal
104,0.004975,0,1470,1728,0,0,Normal
105,0.002745,0,320,1910,0,5,Normal
106,1.369872,0,2558,23162,0,0,Normal
107,1e-05,74,200,0,1,0,DoS
108,0.005924,0,3728,5474,0,7,Normal
109,0.469937,0,658,268,0,0,Normal
110,4e-06,29,200,0,1,0,DoS
111,9e-06,29,200,0,1,0,DoS
112,1.021662,0,1684,10168,0,4,Normal
113,0.069001,0,2958,33044,0,0,Normal
114,7e-06,29,200,0,1,0,DoS
115,0.0,2,46,0,1,0,Normal
116,5e-06,84,200,0,1,0,DoS
117,9e-06,29,200,0,1,0,DoS
118,0.415321,0,986,86,2,0,Normal
119,0.001715,1,520,304,2,0,Normal
120,0.605005,0,534,268,0,0,Normal
121,0.768851,0,7816,15132,0,0,Normal
122,0.101536,0,4120,2560,0,0,Normal
123,9e-06,63,180,0,1,0,DoS
124,7.922174,0,1052,824,0,4,Normal
125,3e-06,1,78,0,1,0,Normal
126,9e-06,29,200,0,1,0,DoS
127,0.282777,0,986,86,2,0,Normal
128,0.040726,0,2302,34406,0,0,Normal
129,9e-06,73,200,0,1,0,DoS
130,3e-06,29,200,0,1,0,DoS
131,0.695951,0,610,268,0,0,Normal
132,0.193769,0,986,86,2,0,Normal
133,58.947353,3,5400,0,1,0,DoS
134,0.387411,0,320,1826,0,5,Normal
135,3e-06,90,200,0,1,0,DoS
136,5e-06,71,200,0,1,0,DoS
137,0.242342,0,1920,4312,0,0,Normal
138,27.99671,3,900,0,1,0,DoS
139,9e-06,119,200,0,1,0,DoS
140,1.020515,0,1684,10168,0,4,Normal
141,0.292284,0,858,1274,0,4,DoS
142,9e-06,29,200,0,1,0,DoS
143,2.455492,0,2934,3740,0,1,Normal
144,0.018879,0,2542,23508,0,0,Normal
145,1e-06,29,200,0,1,0,DoS
146,58.814648,0,1216,1292,0,0,Normal
147,0.610024,0,7818,15180,0,0,Normal
148,9e-06,60,200,0,1,0,DoS
149,9e-06,86,200,0,1,0,DoS
150,3e-06,29,200,0,1,0,DoS
151,0.022939,0,2542,23508,0,0,Normal
152,3e-06,29,200,0,1,0,DoS
153,32.905418,3,12832,0,1,0,DoS
154,9e-06,29,200,0,1,0,DoS
155,9e-06,29,200,0,1,0,DoS
156,1e-05,3,544,0,4,0,DoS
157,9e-06,29,200,0,1,0,DoS
158,1e-05,29,200,0,1,0,DoS
159,9e-06,1,136,0,1,3,DoS
160,0.027272,0,2958,32940,0,0,Normal
161,6e-06,3,200,0,1,0,DoS
162,0.006165,0,1958,2308,0,0,Normal
163,0.730433,0,696,354,0,0,Normal
164,0.0,2,46,0,1,0,Normal
165,0.018997,0,2542,23508,0,0,Normal
166,1.540286,0,34210,526,0,0,Normal
167,0.004165,0,1470,1728,0,0,Normal
168,0.001565,1,544,304,2,0,Normal
169,7e-06,29,200,0,1,0,DoS
170,0.158909,0,2958,33044,0,0,Normal
171,3e-06,131,200,0,1,0,DoS
172,1.005811,0,1580,10168,0,4,Normal
173,0.348354,0,4536,3080,0,0,Normal
174,1.470208,0,2934,3740,0,1,Normal
175,3e-06,29,200,0,1,0,DoS
176,0.2368,0,4632,2768,0,0,Normal
177,9e-06,29,200,0,1,0,DoS
178,3e-06,90,200,0,1,0,DoS
179,0.295888,0,834,1304,0,4,DoS
180,13.790198,3,12832,0,1,0,DoS
181,9e-06,29,200,0,1,0,DoS
182,0.00105,1,130,162,2,6,Normal
183,0.287971,0,788,2886,0,4,DoS
184,9e-06,29,200,0,1,0,DoS
185,0.038893,0,4030,57474,0,0,Normal
186,8e-06,46,200,0,1,0,DoS
187,3e-06,69,200,0,1,0,DoS
188,1.744352,0,1362,3038,0,4,DoS
189,1e-05,29,200,0,1,0,DoS
190,6e-06,29,200,0,1,0,DoS
191,9e-06,29,200,0,1,0,DoS
192,0.035137,1,528,304,2,0,Normal
193,6e-06,29,200,0,1,0,DoS
194,9e-06,29,200,0,1,0,DoS
195,1.02782,0,1684,10168,0,4,Normal
196,32.043442,0,3439898,16952,0,4,DoS
197,0.024962,0,3806,51808,0,0,Normal
198,59.703136,1,47528,65838,2,0,DoS
199,2.794031,0,3448,3192,0,0,DoS
200,1.131823,0,646,354,0,0,Normal
201,0.00108,1,146,178,2,6,Normal
202,0.004156,0,1470,1728,0,0,Normal
203,0.942167,0,932,2136,0,4,DoS
204,0.936682,0,866,1206,0,4,Normal
205,0.001037,1,146,178,2,6,Normal
206,0.018338,0,1540,1644,0,0,Normal
207,0.481999,0,796,1408,0,4,DoS
208,0.000949,1,130,162,2,6,Normal
209,3e-06,31,180,0,1,0,DoS
210,1e-05,29,200,0,1,0,DoS
211,2.441126,0,13662,548216,0,0,Normal
212,1.285229,0,534,354,0,0,Normal
213,0.600281,0,4456,3080,0,0,Normal
214,0.004236,0,8928,320,0,5,Normal
215,0.019883,0,2958,33044,0,0,Normal
216,3e-06,67,200,0,1,0,DoS
217,0.774023,0,860,1368,0,4,Normal
218,0.078058,0,5174,83812,0,0,Normal
219,6e-06,109,200,0,1,0,DoS
220,5e-06,20,200,0,1,0,DoS
221,1.209362,0,1684,10168,0,4,Normal
222,23.268108,30,248562,1652,2,0,DoS
223,0.0,2,46,0,1,0,Normal
224,0.034743,0,2302,34406,0,0,Normal
225,9e-06,29,200,0,1,0,DoS
226,4e-06,1,1064,0,1,0,Normal
227,9e-06,11,200,0,1,0,DoS
228,9e-06,53,200,0,1,0,DoS
229,1.529989,0,9504,12298,0,7,Normal
230,7e-06,1,336,0,1,0,DoS
231,0.003998,0,1052,824,0,4,Normal
232,0.548916,0,534,268,0,0,Normal
233,1.243699,0,1506,354,0,0,Normal
234,0.005675,0,2054,2478,0,0,Normal
235,0.043081,0,3614,50036,0,0,Normal
236,9e-06,29,200,0,1,0,DoS
237,0.14692,0,1470,1728,0,0,Normal
238,3e-06,1,78,0,1,0,Normal
239,0.001057,1,130,162,2,6,Normal
240,9e-06,57,200,0,1,0,DoS
241,1e-05,77,60,0,1,0,DoS
242,1e-06,29,200,0,1,0,DoS
243,8e-06,29,200,0,1,0,DoS
244,1.54024,0,846,1380,0,4,Normal
245,0.694832,0,62197,526,0,4,DoS
246,0.020827,0,3182,39076,0,0,Normal
247,0.004137,0,1064,2260,0,0,Normal
248,0.783067,0,718,268,0,0,Normal
249,0.001592,1,544,304,2,0,Normal
250,9e-06,50,200,0,1,0,DoS
251,8e-06,29,200,0,1,0,DoS
252,0.003453,1,520,304,2,0,Normal
253,0.000978,1,130,162,2,6,Normal
254,4e-06,1,680,0,1,0,DoS
255,0.633308,0,8928,320,0,5,Normal
256,1.002805,0,8834,268,0,0,Normal
257,9e-06,18,200,0,1,0,DoS
258,0.318514,0,4456,2976,0,0,Normal
259,0.00102,1,146,178,2,6,Normal
260,1.009051,0,1684,10168,0,4,Normal
261,0.489479,0,566,354,0,0,Normal
262,4e-06,29,200,0,1,0,DoS
263,9e-06,80,200,0,1,0,DoS
264,3e-06,29,200,0,1,0,DoS
265,0.00429,0,8928,320,0,5,Normal
266,0.008858,0,2230,13500,0,0,Normal
267,0.018053,0,1540,1644,0,0,Normal
268,1e-06,29,200,0,1,0,DoS
269,0.579011,0,2692,466,0,0,DoS
270,0.001029,1,132,164,2,6,Normal
271,0.10193,0,3182,39076,0,0,Normal
272,6e-06,29,200,0,1,0,DoS
273,1.00473,0,1580,10168,0,4,Normal
274,1e-05,29,200,0,1,0,DoS
275,0.834822,0,1540,1644,0,0,Normal
276,1.112239,0,518,712,0,6,DoS
277,5.052801,3,2688,0,1,0,DoS
278,0.006412,0,4096,2456,0,0,Normal
279,8e-06,73,200,0,1,0,DoS
280,9e-06,29,200,0,1,0,DoS
281,1.1e-05,1,1226,0,1,0,Normal
282,0.001068,1,146,178,2,6,Normal
283,6e-06,29,200,0,1,0,DoS
284,1.9e-05,101,180,0,1,0,DoS
285,0.0,2,46,0,1,0,Normal
286,2.728966,0,459153,3900,0,2,DoS
287,0.02784,0,4014,59460,0,0,Normal
288,0.00175,1,528,304,2,0,Normal
289,0.664083,0,2054,2478,0,0,Normal
290,9e-06,32,180,0,1,0,DoS
291,9e-06,7,200,0,1,0,DoS
292,0.094866,0,1470,1728,0,0,Normal
293,3e-06,29,200,0,1,0,DoS
294,4e-06,29,200,0,1,0,DoS
295,0.224444,0,8928,320,0,5,Normal
296,0.210078,1,520,304,2,0,Normal
297,0.667824,0,37372,3276,0,2,Normal
298,0.221539,0,8928,320,0,5,Normal
299,0.139006,30,536,440,2,0,DoS
300,0.000981,1,146,178,2,6,Normal
301,9e-06,29,200,0,1,0,DoS
302,9e-06,29,200,0,1,0,DoS
303,0.478546,0,766,1544,0,4,DoS
304,9e-06,76,200,0,1,0,DoS
305,7e-06,29,200,0,1,0,DoS
306,9e-06,131,200,0,1,0,DoS
307,0.001035,1,146,178,2,6,Normal
308,7e-06,29,200,0,1,0,DoS
309,0.458092,0,4616,3080,0,0,Normal
310,0.22383,0,8928,320,0,5,Normal
311,0.513754,0,534,268,0,0,Normal
312,3e-06,69,200,0,1,0,DoS
313,1.092821,0,998,2576,0,0,DoS
314,59.830025,0,30272,6036055,2,0,DoS
315,0.013087,0,1540,1644,0,0,Normal
316,1e-06,92,200,0,1,0,DoS
317,9e-06,29,200,0,1,0,DoS
318,0.221917,0,8928,320,0,5,Normal
319,4e-06,29,200,0,1,0,DoS
320,4e-06,29,200,0,1,0,DoS
321,3.548108,0,1540,1644,0,0,Normal
322,3e-06,29,200,0,1,0,DoS
323,8e-06,37,180,0,1,0,DoS
324,0.95572,0,2934,3742,0,1,Normal
325,0.333839,0,3728,5474,0,7,Normal
326,0.939079,0,2054,2478,0,0,Normal
327,0.054633,0,3806,51808,0,0,Normal
328,7e-06,29,200,0,1,0,DoS
329,6.194809,3,5248,0,1,0,DoS
330,1.033587,0,1580,10168,0,4,Normal
331,3e-06,29,200,0,1,0,DoS
332,10.720804,81,400,0,1,0,DoS
333,3e-06,75,200,0,1,0,DoS
334,3e-06,66,200,0,1,0,DoS
335,0.03685,0,3598,48710,0,0,Normal
336,8e-06,1,82,0,1,0,DoS
337,0.001009,1,130,162,2,6,Normal
338,0.00173,1,544,304,2,0,Normal
339,0.588766,0,998,726,0,0,Normal
340,13.671029,0,13974,548216,0,0,Normal
341,1.945447,0,2673,1718,0,2,DoS
342,4e-06,29,200,0,1,0,DoS
343,1.02188,106,360,0,1,0,DoS
344,0.417094,0,816,268,0,0,DoS
345,1e-06,1,78,0,1,0,Normal
346,1e-06,30,640,0,1,0,DoS
347,0.001002,1,146,178,2,6,Normal
348,1.630096,0,920,1136,0,4,Normal
349,0.195222,0,2054,2478,0,0,Normal
350,1.223408,0,1276,69726,0,9,DoS
351,1.005305,0,1580,10168,0,4,Normal
352,5e-06,84,200,0,1,0,DoS
353,0.012862,0,2230,13500,0,0,Normal
354,4e-06,1,1066,0,1,0,Normal
355,9e-06,85,200,0,1,0,DoS
356,0.000956,1,146,178,2,6,Normal
357,0.015498,0,2542,23508,0,0,Normal
358,0.001017,1,146,178,2,6,Normal
359,1.616898,0,822,1386,0,4,DoS
360,8e-06,29,200,0,1,0,DoS
361,0.948227,0,4840,3080,0,0,Normal
362,0.0,2,46,0,1,0,Normal
363,7e-06,46,200,0,1,0,DoS
364,1.009418,0,1684,10168,0,4,Normal
365,0.524586,0,1540,1644,0,0,Normal
366,0.044835,0,2094,34406,0,0,Normal
367,0.016126,0,2958,32642,0,0,Normal
368,0.348786,30,152,82,2,0,DoS
369,0.001053,1,146,178,2,6,Normal
370,19.551943,0,1052,824,0,4,Normal
371,5e-06,62,200,0,1,0,DoS
372,0.0,2,46,0,1,0,Normal
373,0.017114,0,1540,1644,0,0,Normal
374,0.661656,0,804,1330,0,4,Normal
375,5e-06,45,200,0,1,0,DoS
376,1e-05,29,200,0,1,0,DoS
377,9e-06,68,200,0,1,0,DoS
378,0.186279,0,468,268,0,0,DoS
379,0.320612,0,2934,3740,0,1,Normal
380,0.960151,0,1290,2148,0,12,DoS
381,0.021278,0,37230,3380,0,2,Normal
382,0.039894,0,5174,83812,0,0,Normal
383,9e-06,29,200,0,1,0,DoS
384,5e-06,29,200,0,1,0,DoS
385,8e-06,29,200,0,1,0,DoS
386,0.09453,0,3614,45696,0,0,Normal
387,4.983905,0,19410,1087890,0,4,Normal
388,7e-06,121,200,0,1,0,DoS
389,0.001016,1,146,178,2,6,Normal
390,8e-06,132,200,0,1,0,DoS
391,1.177281,0,968,17854,0,4,DoS
392,7e-06,29,200,0,1,0,DoS
393,1e-05,30,152,0,1,0,DoS
394,0.634602,0,17266,354,0,0,Normal
395,0.00491,1,568,304,2,0,Normal
396,6e-06,29,200,0,1,0,DoS
397,0.0,2,46,0,1,0,Normal
398,0.226816,0,3728,5474,0,7,Normal
399,8e-06,60,200,0,1,0,DoS
400,0.000996,1,146,178,2,6,Normal
401,0.050582,0,3062,32642,0,0,Normal
402,0.016754,0,2958,32642,0,0,Normal
403,0.669272,0,824,1222,0,4,DoS
404,4e-06,1,2036,0,1,0,Normal
405,0.04992,0,5174,83812,0,0,Normal
406,8e-06,29,200,0,1,0,DoS
407,1e-05,42,200,0,1,0,DoS
408,7e-06,1,1064,0,1,0,Normal
409,0.800565,0,848,1118,0,4,Normal
410,5e-06,97,200,0,1,0,DoS
411,0.814601,0,2556,2288,0,0,DoS
412,0.010967,0,2230,13500,0,0,Normal
413,59.656837,3,5184,0,4,0,DoS
414,9e-06,19,200,0,1,0,DoS
415,8e-06,29,200,0,1,0,DoS
416,3e-06,29,200,0,1,0,DoS
417,7e-06,1,104,0,1,0,Normal
418,0.65177,0,2516,268,0,0,Normal
419,1e-05,29,200,0,1,0,DoS
420,58.881458,3,18496,0,4,0,DoS
421,57.889004,3,16320,0,4,0,DoS
422,0.001809,1,520,304,2,0,Normal
423,0.012819,0,2558,23162,0,0,Normal
424,9e-06,29,200,0,1,0,DoS
425,1e-05,114,200,0,1,0,DoS
426,0.022263,0,37230,3380,0,2,Normal
427,1.568451,0,2824,1270,0,2,DoS
428,1.48972,0,12472,13028,0,7,Normal
429,0.625663,0,3170,268,0,4,DoS
430,9e-06,67,200,0,1,0,DoS
431,3e-06,24,200,0,1,0,DoS
432,0.80821,0,17352,768,0,1,Normal
433,0.317125,1,568,312,2,0,Normal
434,4e-06,44,200,0,1,0,DoS
435,0.330041,0,718,268,0,0,Normal
436,0.004656,1,568,304,2,0,Normal
437,0.13106,0,4862,75600,0,0,Normal
438,0.195609,0,3944,2768,0,0,Normal
439,5e-06,1,1064,0,1,0,Normal
440,17.766273,0,17298,752252,0,0,Normal
441,0.124312,1,568,304,2,0,Normal
442,0.001022,1,146,178,2,6,Normal
443,9e-06,29,200,0,1,0,DoS
444,3.157885,0,2934,3742,0,1,Normal
445,0.001691,1,536,304,2,0,Normal
446,9e-06,17,200,0,1,0,DoS
447,0.006057,0,3728,5474,0,7,Normal
448,9e-06,29,200,0,1,0,DoS
449,1e-05,29,200,0,1,0,DoS
450,0.049275,0,4238,63516,0,0,Normal
451,0.0,2,46,0,1,0,Normal
452,1.1e-05,1,1064,0,1,0,Normal
453,3.2e-05,38,180,0,1,0,DoS
454,4.440112,0,13038,548216,0,0,Normal
455,8e-06,0,90,0,4,0,Normal
456,0.13364,0,5174,83812,0,0,Normal
457,0.018826,0,1540,1644,0,0,Normal
458,3.11608,0,2934,3742,0,1,Normal
459,0.718947,0,4263,1686,0,2,DoS
460,3e-06,87,200,0,1,0,DoS
461,5e-06,29,200,0,1,0,DoS
462,0.031986,0,37938,3380,0,2,Normal
463,9e-06,29,200,0,1,0,DoS
464,0.008834,0,3960,2456,0,0,Normal
465,0.001077,1,146,178,2,6,Normal
466,9e-06,29,200,0,1,0,DoS
467,5e-06,35,180,0,1,0,DoS
468,0.001019,1,146,178,2,6,Normal
469,5e-06,29,200,0,1,0,DoS
470,0.0,2,46,0,1,0,Normal
471,1.23456,0,2934,3740,0,1,Normal
472,8e-06,29,200,0,1,0,DoS
473,1e-05,1,1064,0,1,0,Normal
474,0.001023,1,146,178,2,6,Normal
475,0.276292,0,1778,268,0,4,DoS
476,0.017032,0,2958,33044,0,0,Normal
477,9e-06,29,200,0,1,0,DoS
478,0.000941,1,146,178,2,6,Normal
479,0.0,2,46,0,1,0,Normal
480,2.368016,0,17642,1087890,0,4,Normal
481,0.003182,0,320,1888,0,5,Normal
482,1.329816,0,12648,13202,0,7,Normal
483,0.069918,0,2958,32642,0,0,Normal
484,8e-06,29,200,0,1,0,DoS
485,6e-06,29,200,0,1,0,DoS
486,59.939983,0,292432,15652,2,0,DoS
487,0.315915,30,152,82,2,0,DoS
488,1e-06,73,200,0,1,0,DoS
489,1.134926,0,1684,10168,0,4,Normal
490,0.004101,0,1470,1728,0,0,Normal
491,1.512225,100,400,0,1,0,DoS
492,3e-06,29,200,0,1,0,DoS
493,9e-06,29,200,0,1,0,DoS
494,0.034492,1,568,320,2,0,Normal
495,0.919024,0,5918,678,0,0,Normal
496,0.0,2,46,0,1,0,Normal
497,0.450387,0,516,268,0,0,DoS
498,8e-06,35,180,0,1,0,DoS
499,1e-06,29,200,0,1,0,DoS
500,4.7e-05,105,60,0,1,0,DoS
501,13.753861,3,1280,0,1,0,DoS
502,4e-06,29,200,0,1,0,DoS
503,59.423801,3,3456,0,1,0,DoS
504,0.450403,0,792,1120,0,4,Normal
505,0.558945,0,802,3458,0,4,DoS
506,0.019945,0,1540,1644,0,0,Normal
507,3e-06,122,200,0,1,0,DoS
508,0.230325,0,986,86,2,0,Normal
509,7e-06,29,200,0,1,0,DoS
510,0.207149,1,568,304,2,0,Normal
511,0.036917,0,2198,34406,0,0,Normal
512,4e-06,29,200,0,1,0,DoS
513,6.675204,0,13558,548216,0,0,Normal
514,6e-06,1,78,0,1,0,DoS
515,3e-06,29,200,0,1,0,DoS
516,8e-06,30,640,0,1,0,DoS
517,0.154939,0,4238,63516,0,0,Normal
518,2e-06,29,200,0,1,0,DoS
519,5e-06,1,2094,0,1,0,Normal
520,0.0,2,46,0,1,0,Normal
521,6e-06,70,200,0,1,0,DoS
522,1.279335,3,3024,0,1,0,DoS
523,0.001048,1,146,178,2,6,Normal
524,0.001092,1,146,178,2,6,Normal
525,0.124262,1,568,320,2,0,Normal
526,9e-06,83,200,0,1,0,DoS
527,3.817539,0,1684,10168,0,4,Normal
528,9e-06,29,200,0,1,0,DoS
529,1.317599,100,400,0,1,0,DoS
530,2.5e-05,1,2102,0,1,0,DoS
531,3e-06,43,200,0,1,0,DoS
532,0.080797,0,3728,5474,0,7,Normal
533,1e-06,128,200,0,1,0,DoS
534,7e-06,114,200,0,1,0,DoS
535,1.549142,0,466,354,0,0,DoS
536,1e-05,12,200,0,1,0,DoS
537,9e-06,29,200,0,1,0,DoS
538,9e-06,68,200,0,1,0,DoS
539,0.03604,1,520,304,2,0,Normal
540,9e-06,51,200,0,1,0,DoS
541,0.001559,1,146,178,2,6,Normal
542,3e-06,78,200,0,1,0,DoS
543,9e-06,7,200,0,1,0,DoS
544,3e-06,29,200,0,1,0,DoS
545,1.107082,0,1580,10168,0,4,Normal
546,1.152796,0,522,354,0,0,Normal
547,0.715955,0,778,1266,0,4,DoS
548,0.046671,0,320,1932,0,5,Normal
549,3e-06,123,200,0,1,0,DoS
550,9e-06,111,200,0,1,0,DoS
551,0.012904,0,2558,23162,0,0,Normal
552,0.016815,0,2958,32642,0,0,Normal
553,0.330401,0,320,1838,0,5,Normal
554,0.352176,0,764,1544,0,4,DoS
555,9e-06,22,200,0,1,0,DoS
556,1.180022,0,1540,1644,0,0,Normal
557,2e-06,45,200,0,1,0,DoS
558,9e-06,29,200,0,1,0,DoS
559,0.270394,0,542,268,0,0,Normal
560,1.081601,0,2710,1234,0,2,DoS
561,0.016883,0,2958,32642,0,0,Normal
562,11.32145,81,400,0,1,0,DoS
563,0.473985,0,816,1086,0,4,Normal
564,0.141964,0,2054,2478,0,0,Normal
565,9e-06,82,200,0,1,0,DoS
566,9e-06,89,200,0,1,0,DoS
567,6e-06,29,200,0,1,0,DoS
568,2.424337,0,1506,354,0,0,Normal
569,0.001054,1,146,178,2,6,Normal
570,9e-06,58,200,0,1,0,DoS
571,1.143724,0,1684,10168,0,4,Normal
572,59.913979,0,35088,6988551,2,0,DoS
573,3e-06,29,200,0,1,0,DoS
574,2e-06,79,200,0,1,0,DoS
575,8e-06,29,200,0,1,0,DoS
576,0.004238,0,1064,2260,0,0,Normal
577,0.017912,0,3078,30506,0,0,Normal
578,9e-06,60,200,0,1,0,DoS
579,6e-06,88,200,0,1,0,DoS
580,0.264062,0,910,2142,0,4,DoS
581,0.010948,0,2438,18508,0,0,Normal
582,1.290351,1,1444,2832,2,0,DoS
583,0.016825,0,2974,30506,0,0,Normal
584,0.064474,0,4862,75600,0,0,Normal
585,0.028859,0,2958,33044,0,0,Normal
586,59.656837,3,5184,0,4,0,DoS
587,0.001047,1,146,178,2,6,Normal
588,1.37464,0,990,992,0,4,DoS
589,0.589407,0,1004,720,0,0,Normal
590,0.008263,0,8928,320,0,5,Normal
591,0.004952,0,3960,2456,0,0,Normal
592,57.889004,3,16320,0,4,0,DoS
593,0.098201,1,520,304,2,0,Normal
594,0.09956,0,3598,48918,0,0,Normal
595,0.000951,1,146,178,2,6,Normal
596,0.225453,0,782,966,0,4,DoS
597,0.001069,1,146,178,2,6,Normal
598,1.120035,3,3024,0,1,0,DoS
599,59.423801,3,3456,0,1,0,DoS
600,1.207684,0,12472,12820,0,7,Normal
601,3e-06,29,200,0,1,0,DoS
602,1e-05,29,200,0,1,0,DoS
603,2e-06,52,200,0,1,0,DoS
604,3e-06,37,180,0,1,0,DoS
605,2.372889,0,2740,768,0,1,Normal
606,9e-06,29,200,0,1,0,DoS
607,0.834062,0,740,354,0,0,DoS
608,42.793449,3,2184,0,1,0,DoS
609,8e-06,90,200,0,1,0,DoS
610,21.396406,0,3806,51808,0,0,Normal
611,3e-06,34,180,0,1,0,DoS
612,3e-06,114,200,0,1,0,DoS
613,0.033534,0,37492,3380,0,2,Normal
614,59.714836,1,103898,128270,2,0,DoS
615,8e-06,29,200,0,1,0,DoS
616,3e-06,101,180,0,1,0,DoS
617,0.397278,1,568,320,2,0,Normal
618,0.22399,0,8928,320,0,5,Normal
619,0.507289,0,862,268,0,4,DoS
620,9e-06,63,180,0,1,0,DoS
621,0.278667,0,37492,3380,0,2,Normal
622,0.025956,0,3182,39076,0,0,Normal
623,9e-06,29,200,0,1,0,DoS
624,0.013279,0,1540,1644,0,0,Normal
625,9e-06,29,200,0,1,0,DoS
626,9e-06,29,200,0,1,0,DoS
627,1.006028,0,1580,10168,0,4,Normal
628,0.001146,1,146,178,2,6,Normal
629,7.769075,0,967516,6438,0,2,DoS
630,0.515853,0,534,268,0,0,Normal
631,0.019298,0,1540,1644,0,0,Normal
632,0.018489,0,1540,1644,0,0,Normal
633,0.205106,1,178,0,1,0,Normal
634,3.7e-05,1,106,0,1,0,DoS
635,9e-06,32,180,0,1,0,DoS
636,1e-05,29,200,0,1,0,DoS
637,0.025403,0,37230,3380,0,2,Normal
638,3e-06,29,200,0,1,0,DoS
639,9e-06,29,200,0,1,0,DoS
640,8e-06,61,60,0,1,0,DoS
641,9e-06,29,200,0,1,0,DoS
642,0.444031,0,818,2618,0,4,DoS
643,57.977638,3,19584,0,1,0,DoS
644,9e-06,129,200,0,1,0,DoS
645,9e-06,48,200,0,1,0,DoS
646,9e-06,64,200,0,1,0,DoS
647,1e-06,1,142,0,1,0,DoS
648,4e-06,16,200,0,1,0,DoS
649,0.004694,0,3936,2456,0,0,Normal
650,0.021784,0,37210,3380,0,2,Normal
651,0.004894,0,4528,2456,0,0,Normal
652,0.64512,0,1596,268,0,0,DoS
653,0.790765,0,7814,14990,0,0,Normal
654,1e-06,39,180,0,1,0,DoS
655,0.046454,0,320,1826,0,5,Normal
656,0.24982,0,824,1496,0,4,DoS
657,4e-06,29,200,0,1,0,DoS
658,1.144049,3,1890,0,1,0,DoS
659,9e-06,29,200,0,1,0,DoS
660,2.057886,0,2934,3742,0,1,Normal
661,9e-06,29,200,0,1,0,DoS
662,0.001042,1,146,178,2,6,Normal
663,3e-06,30,104,0,1,0,DoS
664,9e-06,29,200,0,1,0,DoS
665,7e-06,130,200,0,1,0,DoS
666,0.472521,0,778,1184,0,4,DoS
667,1e-05,1,1066,0,1,0,Normal
668,0.004187,1,568,312,2,0,Normal
669,0.119967,0,3744,19084,0,0,Normal
670,3e-06,43,200,0,1,0,DoS
671,8e-06,0,90,0,4,0,Normal
672,0.023857,0,3062,32538,0,0,Normal
673,3e-06,29,200,0,1,0,DoS
674,9e-06,29,200,0,1,0,DoS
675,4e-06,29,200,0,1,0,DoS
676,53.082527,3,2160,0,4,0,DoS
677,0.223367,0,8928,320,0,5,Normal
678,3e-06,29,200,0,1,0,DoS
679,3.871048,0,69768,2196,0,2,DoS
680,9e-06,94,200,0,1,0,DoS
681,0.869102,0,4616,3080,0,0,Normal
682,1.438531,0,980,826,0,0,Normal
683,0.017813,0,1540,1644,0,0,Normal
684,0.003359,0,320,1930,0,5,Normal
685,1.007901,0,1684,10168,0,4,Normal
686,9e-06,29,200,0,1,0,DoS
687,0.002766,0,320,1930,0,5,Normal
688,1e-05,28,200,0,1,0,DoS
689,0.005651,0,1920,4312,0,0,Normal
690,0.028991,0,4014,59460,0,0,Normal
691,3e-06,29,200,0,1,0,DoS
692,0.389404,0,616,268,0,0,DoS
693,0.001034,1,146,178,2,6,Normal
694,8e-06,8,200,0,1,0,DoS
695,0.075624,1,140,834,2,6,DoS
696,0.034452,0,2198,34406,0,0,Normal
697,0.013304,0,1540,1644,0,0,Normal
698,9e-06,71,200,0,1,0,DoS
699,3e-06,87,200,0,1,0,DoS
700,0.063942,0,37938,3380,0,2,Normal
701,0.304757,0,364,16744,0,5,DoS
702,1e-05,3,544,0,4,0,DoS
703,0.249697,0,3728,5474,0,7,Normal
704,0.425263,0,534,268,0,0,Normal
705,0.12006,0,4014,59460,0,0,Normal
706,0.137088,0,1540,1644,0,0,Normal
707,1e-05,12,200,0,1,0,DoS
708,0.775466,0,1014,268,0,4,Normal
709,0.017696,0,1540,1644,0,0,Normal
710,0.076081,0,4118,59356,0,0,Normal
711,0.001025,1,130,162,2,6,Normal
712,0.020274,0,37210,3276,0,2,Normal
713,0.0,2,46,0,1,0,Normal
714,9e-06,131,200,0,1,0,DoS
715,0.268437,0,4272,2768,0,0,Normal
716,1.325143,11,480,0,1,0,DoS
717,7e-06,8,200,0,1,0,DoS
718,5e-06,48,200,0,1,0,DoS
719,0.106306,0,320,1862,0,5,Normal
720,0.000976,1,146,178,2,6,Normal
721,2.480343,0,802,1322,0,4,Normal
722,8e-06,71,200,0,1,0,DoS
723,3e-06,62,200,0,1,0,DoS
724,3e-06,29,200,0,1,0,DoS
725,0.825737,0,2756,268,0,4,DoS
726,0.018331,0,9400,12298,0,7,Normal
727,4e-06,29,200,0,1,0,DoS
728,0.099999,0,5174,83812,0,0,Normal
729,1.501572,0,68195,698,0,4,Normal
730,9e-06,29,200,0,1,0,DoS
731,0.23472,30,536,440,2,0,DoS
732,0.675999,0,9514,354,0,0,Normal
733,0.003375,0,320,1910,0,5,Normal
734,0.125588,0,2158,2478,0,0,Normal
735,8e-06,29,200,0,1,0,DoS
736,3e-06,80,200,0,1,0,DoS
737,1e-05,42,200,0,1,0,DoS
738,4.731752,0,19098,1087890,0,4,Normal
739,0.001057,1,146,178,2,6,Normal
740,0.005821,1,568,304,2,0,Normal
741,1e-06,38,180,0,1,0,DoS
742,0.069662,0,2958,32642,0,0,Normal
743,1.200278,0,68023,612,0,0,Normal
744,0.035879,0,4014,59460,0,0,Normal
745,0.0069,0,3728,5474,0,7,Normal
746,9e-06,50,200,0,1,0,DoS
747,0.060616,0,3182,39076,0,0,Normal
748,0.000976,1,146,178,2,6,Normal
749,0.001034,1,146,178,2,6,Normal
750,9e-06,83,200,0,1,0,DoS
751,3e-06,30,152,0,1,0,DoS
752,8e-06,19,200,0,1,0,DoS
753,3e-06,74,200,0,1,0,DoS
754,59.353832,3,5832,0,4,0,DoS
755,0.001321,1,146,178,2,6,Normal
756,0.822108,0,600,354,0,0,DoS
757,9e-06,29,200,0,1,0,DoS
758,0.85528,0,1236,354,0,4,DoS
759,0.036152,1,520,304,2,0,Normal
760,8e-06,44,200,0,1,0,DoS
761,3e-06,29,200,0,1,0,DoS
762,3e-06,1,128,0,1,6,DoS
763,1.470918,0,1454,156043,0,4,DoS
764,8e-06,0,90,0,4,0,Normal
765,7e-06,30,78,0,1,0,DoS
766,9e-06,29,200,0,1,0,DoS
767,0.845375,0,620,268,0,4,DoS
768,0.645656,0,998,740,0,0,Normal
769,0.004068,0,1064,2260,0,0,Normal
770,0.180763,0,320,1932,0,5,Normal
771,1e-05,29,200,0,1,0,DoS
772,7.424627,0,25056,1094788,0,0,Normal
773,0.043961,0,3182,39076,0,0,Normal
774,0.001065,1,146,178,2,6,Normal
775,0.47472,0,2516,268,0,0,Normal
776,6e-06,29,200,0,1,0,DoS
777,1.4e-05,61,60,0,1,0,DoS
778,0.027239,0,2558,23162,0,0,Normal
779,4e-06,29,200,0,1,0,DoS
780,0.001085,1,146,178,2,6,Normal
781,6e-06,29,200,0,1,0,DoS
782,0.024634,0,3614,50036,0,0,Normal
783,0.270132,0,788,994,0,4,DoS
784,0.00103,1,146,178,2,6,Normal
785,0.001097,1,146,178,2,6,Normal
786,0.842641,0,822,1148,0,4,Normal
787,8e-06,29,200,0,1,0,DoS
788,0.340936,0,7820,15736,0,0,Normal
789,1.144024,0,634,682,0,1,Normal
790,9e-06,29,200,0,1,0,DoS
791,0.506446,0,13558,548216,0,0,Normal
792,27.230862,30,248562,1652,2,0,DoS
793,0.693589,0,534,354,0,0,Normal
794,3e-06,67,200,0,1,0,DoS
795,0.006957,0,3728,5474,0,7,Normal
796,0.002,1,536,304,2,0,Normal
797,0.000954,1,146,178,2,6,Normal
798,5e-06,66,200,0,1,0,DoS
799,0.26037,0,3728,5474,0,7,Normal
800,0.361771,0,632.713192,234.2364,0,4,DoS
801,0.954114,0,1134.688728,881.359274,0,0,DoS
802,0.279977,0,727.176716,979.226848,0,4,DoS
803,0.154093,0,552.638846,268.803722,0,0,DoS
804,1.041844,0,764.841158,2371.650404,0,4,DoS
805,0.228284,0,484.138434,281.396994,0,4,DoS
806,1.522347,0,2013.164548,414.625608,0,4,DoS
807,1.568233,0,936.035417,3856.173388,0,0,DoS
808,3.29725,0,730.428328,900.079326,0,4,DoS
809,37.767331,0,11533685.604555,51238.900605,0,2,DoS
810,3.869346,0,3841.923921,2379.310989,0,0,DoS
811,0.021027,1,111.83751,249.052546,2,6,DoS
812,0.578261,0,763.52168,666.215949,0,0,DoS
813,7.492823,0,2748.505523,202726.01675,0,0,DoS
814,0.294452,0,987.904131,530.690354,0,0,DoS
815,0.784563,0,50973.450943,1721.557818,0,2,DoS
816,0.314493,0,793.054565,1181.381909,0,4,DoS
817,0.247754,0,725.169322,1622.862646,0,4,DoS
818,0.311844,0,836.15733,2354.507438,0,4,DoS
819,1.968172,0,1105.27035,2832.919954,0,4,DoS
820,40.827609,0,3709585.540597,17492.630752,0,4,DoS
821,65.875484,1,56653.236995,76013.918019,2,0,DoS
822,2.370084,0,2544.541719,2862.118632,0,0,DoS
823,0.819624,0,781.156166,2665.790884,0,4,DoS
824,0.583588,0,713.390812,1530.560279,0,4,DoS
825,21.908177,30,306264.835681,1613.933026,2,0,DoS
826,0.603345,0,53371.955014,544.076598,0,4,DoS
827,0.502081,0,2819.515072,569.81586,0,0,DoS
828,1.04958,0,436.580566,910.378194,0,6,DoS
829,2.743524,0,353965.304424,2910.902164,0,2,DoS
830,0.10862,30,574.254204,511.968355,2,0,DoS
831,0.457686,0,578.770845,1441.6433,0,4,DoS
832,1.396437,0,1014.271425,3255.558824,0,0,DoS
833,71.917882,0,21990.469958,6782136.863161,2,0,DoS
834,2.143411,0,2728.340148,1493.667179,0,2,DoS
835,0.450019,0,638.494881,258.209569,0,0,DoS
836,1.191704,0,1600.278709,84401.764388,0,9,DoS
837,1.402656,0,822.2698,1136.582444,0,4,DoS
838,0.429381,30,183.538541,72.744585,2,0,DoS
839,0.200774,0,496.558913,215.898117,0,0,DoS
840,1.101299,0,1318.447411,2483.154219,0,12,DoS
841,1.197292,0,697.270013,16095.870055,0,4,DoS
842,0.489176,0,1022.003265,1481.166955,0,4,DoS
843,0.965899,0,2280.483419,1721.578357,0,0,DoS
844,1.900469,0,3530.823731,975.316735,0,2,DoS
845,0.620754,0,2405.266063,307.111173,0,4,DoS
846,0.825975,0,3375.866375,1662.66261,0,2,DoS
847,0.283998,0,1544.071584,323.894751,0,4,DoS
848,57.360001,0,245235.520776,15996.434934,2,0,DoS
849,0.356593,30,126.561979,73.354012,2,0,DoS
850,0.575272,0,559.308764,258.710061,0,0,DoS
851,0.564446,0,631.785404,2924.881899,0,4,DoS
852,1.408678,0,489.045043,300.497945,0,0,DoS
853,0.60378,0,591.090268,1358.946753,0,4,DoS
854,0.298718,0,937.454898,1854.955152,0,4,DoS
855,0.821671,0,2312.395833,1350.770404,0,2,DoS
856,50.326101,0,27863.192563,8692974.549654,2,0,DoS
857,0.274567,0,896.073155,2483.406692,0,4,DoS
858,1.512547,1,1193.653073,2192.764517,2,0,DoS
859,1.321563,0,947.631989,973.681544,0,4,DoS
860,0.254375,0,857.919803,1227.914013,0,4,DoS
861,0.646493,0,699.646259,322.143348,0,0,DoS
862,71.809277,1,89274.101638,106017.334144,2,0,DoS
863,0.492691,0,824.290705,234.764055,0,4,DoS
864,6.680562,0,1196845.094148,6232.970413,0,2,DoS
865,0.533883,0,841.053019,1959.126538,0,4,DoS
866,0.825494,0,1896.328014,338.386958,0,0,DoS
867,0.309468,0,984.90216,1216.448796,0,4,DoS
868,0.468721,0,653.285423,1118.385756,0,4,DoS
869,2.914264,0,65039.470076,2792.813404,0,2,DoS
870,0.338203,0,713.992995,261.247656,0,0,DoS
871,0.072363,1,175.853703,1065.382213,2,6,DoS
872,0.314275,0,408.520343,13507.154104,0,5,DoS
873,0.731732,0,3479.387286,279.883378,0,4,DoS
874,0.240266,30,610.432344,330.885523,2,0,DoS
875,0.860862,0,600.957729,423.923191,0,0,DoS
876,0.691205,0,1554.932726,270.761297,0,4,DoS
877,1.212128,0,1531.381385,171353.787801,0,4,DoS
878,0.720018,0,488.024632,326.57432,0,4,DoS
879,0.231741,0,829.709412,1060.452524,0,4,DoS
880,25.9991,30,260208.74088,1673.076746,2,0,DoS
